level,pairwise_accuracy,n_pairs,mean_margin,A_mean,B_mean,C_mean,model,epochs
A,0.48677248677248675,189,-0.001007748651318252,0.9591864347457886,0.9590021967887878,0.9600311517715454,gpt2,2
