level,pairwise_accuracy,n_pairs,mean_margin,A_mean,B_mean,C_mean,model,epochs
A,0.6984126984126984,189,0.02565770223736763,0.07674691081047058,0.0574771910905838,0.049470532685518265,gpt2,8
