level,pairwise_accuracy,n_pairs,mean_margin,A_mean,B_mean,C_mean,model,epochs
C,0.5798319327731093,119,-8.164533937815577e-05,0.6663765907287598,0.6791114211082458,0.6785526871681213,gpt2,8
