level,pairwise_accuracy,n_pairs,mean_margin,A_mean,B_mean,C_mean,model,epochs
B,0.5536585365853659,410,0.004355233162641525,0.29246601462364197,0.2985416352748871,0.2984464764595032,gpt2,8
