target_level,pairwise_accuracy,tie_rate,loss_rate,n_pairs,mean_margin,std_margin,median_margin,A_mean,B_mean,C_mean,A_std,B_std,C_std,monotonic_ABC,spearman_cefr,spearman_pvalue,model,epochs
C,0.865546218487395,0.0,0.13445378151260504,119,0.3058505654335022,0.28124526143074036,0.2985902428627014,0.09946602582931519,0.2591073513031006,0.4985193908214569,0.1040613204240799,0.18758131563663483,0.22719290852546692,True,0.6004140415558545,0.0,rugpt,2
