level,pairwise_accuracy,n_pairs,mean_margin,A_mean,B_mean,C_mean,model,epochs
B,0.775609756097561,410,0.33037057518959045,0.28014907240867615,0.8573374152183533,0.6046276092529297,rugpt,5
