level,pairwise_accuracy,n_pairs,mean_margin,A_mean,B_mean,C_mean,model,epochs
A,0.9259259259259259,189,0.572459876537323,0.9822330474853516,0.4304565489292145,0.17710892856121063,rugpt,8
