level,pairwise_accuracy,n_pairs,mean_margin,A_mean,B_mean,C_mean,model,epochs
B,0.751219512195122,410,0.21784210205078125,0.24628077447414398,0.5709921717643738,0.47555774450302124,rugpt,2
