level,pairwise_accuracy,n_pairs,mean_margin,A_mean,B_mean,C_mean,model,epochs
A,0.9206349206349206,189,0.5501500964164734,0.9646997451782227,0.46428996324539185,0.22893282771110535,rugpt,5
