level,pairwise_accuracy,n_pairs,mean_margin,A_mean,B_mean,C_mean,model,epochs
A,0.6243386243386243,189,0.009151967242360115,0.09626845270395279,0.09244260936975479,0.08472014218568802,gpt2,5
