level,pairwise_accuracy,n_pairs,mean_margin,A_mean,B_mean,C_mean,model,epochs
A,0.8835978835978836,189,0.4401126801967621,0.8947047591209412,0.48260441422462463,0.283855140209198,gpt2,2
